customer_id,age,gender,region,education_level,employment_type,annual_income,loan_amount,loan_purpose,credit_score,repayment_history,transaction_count,spending_ratio,join_date,default_flag
CUST0001,59,Female,East,Graduate,Salaried,1018374,906626,Car,536,1,81,60.39,9/15/2024,0
CUST0002,49,Female,West,Primary,Self-Employed,1905548,913349,Business,345,8,152,22.61,5/2/2018,1
CUST0003,35,Male,East,Post-Graduate,Salaried,179725,114200,Home,561,5,292,24.63,9/30/2018,0
CUST0004,63,Female,East,Secondary,Salaried,1335574,1204424,Business,475,12,278,84.7,8/10/2021,0
CUST0005,28,Male,East,Secondary,Self-Employed,254555,156022,Education,465,8,250,57.46,2/2/2019,0
CUST0006,41,Male,North,Secondary,Salaried,945928,751979,Other,669,1,254,83.94,9/11/2020,0
CUST0007,59,Other,West,Primary,Salaried,1779311,830741,Business,353,2,172,41.58,5/15/2021,0
CUST0008,39,Female,South,Post-Graduate,Salaried,1038036,1160644,Other,718,11,69,62.22,2/7/2021,1
CUST0009,43,Male,North,Post-Graduate,Salaried,1975977,520529,Business,806,7,15,54.51,7/25/2021,1
CUST0010,31,Female,East,Primary,Salaried,2480255,936364,Education,640,0,206,37.13,3/26/2023,0
CUST0011,31,Female,North,Post-Graduate,Salaried,1132599,211445,Home,426,14,67,49.94,2/14/2022,0
CUST0012,44,Female,East,Primary,Self-Employed,2302299,1235679,Education,708,9,226,52.71,4/1/2023,0
CUST0013,56,Male,East,Primary,Salaried,2491991,274605,Home,666,14,35,27.07,3/30/2020,0
CUST0014,60,Male,North,Primary,Salaried,696015,253047,Home,570,14,14,36.78,5/11/2023,0
CUST0015,44,Female,West,Secondary,Salaried,1293657,859217,Other,678,14,29,77.27,6/26/2024,0
CUST0016,23,Female,East,Post-Graduate,Self-Employed,1583441,299768,Education,372,6,207,87.84,6/28/2018,0
CUST0017,42,Female,West,Primary,Salaried,1790920,734029,Business,547,6,68,40.58,6/15/2020,0
CUST0018,22,Male,South,Post-Graduate,Salaried,1857017,1193051,Education,342,12,251,36.09,3/16/2024,0
CUST0019,44,Female,East,Secondary,Salaried,839556,560370,Other,676,0,155,26.59,5/27/2023,1
CUST0020,64,Female,West,Primary,Unemployed,2403722,576570,Home,340,8,282,67.67,4/1/2022,0
CUST0021,50,Male,West,Graduate,Salaried,1799729,739984,Other,469,7,258,37.46,5/7/2019,0
CUST0022,58,Male,South,Secondary,Salaried,1266271,270972,Car,511,3,23,93.96,3/2/2018,0
CUST0023,22,Female,West,Graduate,Salaried,2364387,1261353,Car,792,9,22,37.68,12/13/2020,0
CUST0024,41,Female,West,Post-Graduate,Salaried,1639493,258944,Business,338,10,53,43.5,8/31/2022,0
CUST0025,53,Male,South,Post-Graduate,Salaried,1831641,1042382,Other,668,4,28,61.28,3/6/2018,0
CUST0026,32,Male,East,Secondary,Salaried,1217609,1335016,Business,450,1,72,78.14,8/9/2019,1
CUST0027,42,Male,West,Post-Graduate,Self-Employed,666409,778342,Business,410,12,248,49.91,9/24/2022,0
CUST0028,64,Male,West,Graduate,Self-Employed,816165,1411303,Car,779,8,109,45.93,1/28/2024,0
CUST0029,45,Female,West,Primary,Salaried,1393085,57461,Business,735,14,172,94.63,6/19/2019,0
CUST0030,47,Female,North,Primary,Self-Employed,1576445,846948,Car,346,11,131,10.89,11/26/2023,0
CUST0031,62,Male,South,Primary,Salaried,2392168,522501,Home,665,11,53,86.08,2/14/2023,0
CUST0032,48,Female,North,Secondary,Salaried,432017,1247162,Other,368,5,154,22.68,10/1/2020,1
CUST0033,36,Female,South,Post-Graduate,Salaried,1890687,1096161,Business,598,2,59,76.8,11/4/2024,0
CUST0034,35,Female,East,Graduate,Unemployed,2085090,433395,Car,595,11,74,62.52,5/14/2021,0
CUST0035,64,Female,East,Post-Graduate,Salaried,895182,544178,Education,502,6,297,39.06,11/5/2020,0
CUST0036,23,Male,West,Post-Graduate,Salaried,566978,281496,Business,360,8,173,84.28,11/23/2018,0
CUST0037,57,Male,South,Post-Graduate,Salaried,1183316,742148,Home,613,2,150,11.1,8/31/2019,1
CUST0038,27,Female,East,Primary,Salaried,774771,610315,Home,460,1,137,29.27,1/2/2018,1
CUST0039,41,Female,South,Graduate,Salaried,1732460,929979,Education,630,6,248,58.19,10/30/2020,0
CUST0040,29,Male,East,Graduate,Salaried,1830403,223921,Car,827,6,196,39.88,10/17/2024,0
CUST0041,59,Female,North,Post-Graduate,Salaried,692601,723218,Business,637,3,217,61.88,5/5/2018,0
CUST0042,38,Female,East,Primary,Salaried,2098183,653291,Car,603,10,229,12.05,1/9/2021,0
CUST0043,24,Male,North,Primary,Salaried,1920485,757755,Home,802,8,199,19.9,2/5/2023,1
CUST0044,45,Female,East,Graduate,Self-Employed,1313490,614046,Car,637,13,293,20.8,3/19/2021,0
CUST0045,34,Other,West,Primary,Salaried,697993,366456,Home,849,7,246,26.09,5/9/2018,0
CUST0046,29,Other,North,Primary,Salaried,2351044,1429390,Car,574,12,203,49.04,3/14/2019,0
CUST0047,46,Male,East,Primary,Self-Employed,1462743,1084262,Education,463,12,296,73.93,1/21/2020,1
CUST0048,22,Female,West,Secondary,Salaried,1389444,132279,Other,742,0,268,86.97,5/6/2021,0
CUST0049,40,Female,North,Post-Graduate,Salaried,2077205,65434,Education,618,0,255,81.01,3/8/2024,0
CUST0050,48,Female,West,Graduate,Unemployed,254195,769407,Education,803,4,145,26.74,6/20/2020,0
CUST0051,27,Other,South,Graduate,Salaried,1232424,490991,Other,686,5,289,47.5,9/24/2023,1
CUST0052,64,Female,South,Secondary,Salaried,1082883,387913,Other,793,2,280,26.95,7/26/2021,0
CUST0053,28,Female,North,Post-Graduate,Salaried,1488486,378821,Business,789,12,180,32.48,12/4/2021,0
CUST0054,55,Female,East,Graduate,Salaried,1176630,133555,Business,372,8,168,52.8,1/26/2019,0
CUST0055,34,Female,North,Primary,Salaried,2315251,226806,Education,808,11,210,15.79,12/3/2020,0
CUST0056,37,Male,West,Graduate,Salaried,1627852,483819,Education,689,9,54,28.54,1/27/2018,0
CUST0057,56,Male,East,Primary,Salaried,1870023,1049430,Home,594,13,273,89.51,7/2/2019,1
CUST0058,60,Male,South,Secondary,Salaried,636275,118803,Home,668,14,80,49.62,7/21/2019,0
CUST0059,24,Female,East,Primary,Unemployed,448871,857744,Business,848,5,112,47.86,12/5/2019,0
CUST0060,22,Male,South,Graduate,Self-Employed,1307655,798736,Business,486,3,134,11.24,5/27/2021,0
CUST0061,26,Female,East,Graduate,Salaried,1444929,749539,Home,744,11,295,31.03,7/4/2018,0
CUST0062,62,Male,East,Graduate,Salaried,1393294,295404,Home,662,6,239,83.63,5/10/2022,1
CUST0063,24,Female,East,Secondary,Self-Employed,2176683,692249,Car,422,7,155,23.99,3/29/2023,0
CUST0064,49,Female,West,Secondary,Salaried,1046816,1401099,Car,487,8,206,45.29,4/27/2020,0
CUST0065,38,Female,West,Post-Graduate,Salaried,593031,67297,Home,719,12,230,11.22,8/22/2019,0
CUST0066,46,Male,North,Graduate,Unemployed,1240668,838443,Car,551,10,69,50.66,3/16/2020,0
CUST0067,64,Female,North,Primary,Salaried,2400041,1218810,Other,848,5,107,11.79,9/19/2021,0
CUST0068,54,Female,South,Secondary,Self-Employed,2422158,618302,Business,634,14,180,79.67,10/28/2023,0
CUST0069,30,Male,West,Graduate,Unemployed,1935516,979242,Business,391,5,182,80.11,2/22/2023,0
CUST0070,56,Female,South,Graduate,Salaried,1466189,1277146,Home,829,7,160,76.96,9/26/2024,0
CUST0071,34,Female,North,Secondary,Salaried,440998,833152,Education,362,11,131,34.09,6/30/2019,0
CUST0072,51,Male,South,Post-Graduate,Salaried,811616,847552,Home,811,4,117,81.17,6/21/2022,0
CUST0073,35,Female,North,Secondary,Self-Employed,1978022,1383572,Car,438,13,13,56.15,1/26/2024,1
CUST0074,28,Male,West,Secondary,Self-Employed,2323408,1439959,Education,484,2,102,41.77,9/11/2023,0
CUST0075,34,Male,East,Primary,Self-Employed,1559854,1492721,Car,504,11,15,63.15,5/23/2024,0
CUST0076,43,Male,West,Primary,Salaried,331360,561603,Other,513,2,297,11.05,4/11/2023,0
CUST0077,60,Male,South,Post-Graduate,Self-Employed,1488106,665863,Car,555,12,115,22.15,9/9/2019,0
CUST0078,41,Male,South,Graduate,Unemployed,1441210,1093659,Other,434,5,155,73.09,5/6/2024,0
CUST0079,36,Female,West,Secondary,Salaried,1083688,557365,Other,387,1,280,30.75,4/18/2021,0
CUST0080,38,Female,West,Post-Graduate,Unemployed,2280939,1247086,Car,506,5,105,60.83,10/26/2022,0
CUST0081,44,Female,North,Primary,Self-Employed,1651584,1278163,Car,428,12,238,42.73,8/14/2018,1
CUST0082,46,Female,South,Secondary,Self-Employed,2019059,1072788,Other,302,5,211,82.66,11/1/2019,0
CUST0083,45,Female,South,Graduate,Salaried,461955,878791,Education,420,7,221,90.96,10/30/2022,0
CUST0084,61,Female,West,Primary,Salaried,2277599,410890,Other,684,6,15,85.1,7/5/2020,0
CUST0085,49,Male,East,Primary,Salaried,2375198,799122,Business,337,7,121,33,12/14/2023,0
CUST0086,35,Male,South,Primary,Salaried,889290,695194,Other,640,13,115,26.5,10/23/2023,0
CUST0087,21,Male,East,Post-Graduate,Salaried,1715070,251260,Education,320,8,148,50.33,4/29/2021,0
CUST0088,45,Male,West,Graduate,Self-Employed,791147,827881,Business,541,5,105,10.62,9/2/2022,0
CUST0089,27,Female,West,Secondary,Unemployed,338490,883525,Home,754,13,223,12.19,1/17/2023,1
CUST0090,29,Male,North,Post-Graduate,Self-Employed,654409,1301775,Home,602,2,31,57.03,6/7/2023,0
CUST0091,44,Female,South,Post-Graduate,Salaried,666595,426794,Education,368,9,202,54.24,2/25/2018,0
CUST0092,21,Other,East,Post-Graduate,Salaried,813689,986197,Other,428,2,159,94.54,12/21/2019,1
CUST0093,64,Female,North,Primary,Salaried,2413089,433100,Car,495,10,256,27.16,9/11/2023,0
CUST0094,28,Male,South,Graduate,Self-Employed,1245426,165598,Education,439,11,276,31.94,7/28/2019,0
CUST0095,44,Male,North,Post-Graduate,Self-Employed,393306,300100,Business,743,0,260,19.65,10/29/2019,1
CUST0096,31,Female,West,Secondary,Unemployed,2476133,832877,Business,582,10,12,87.99,10/11/2018,0
CUST0097,37,Female,South,Graduate,Salaried,1889461,758521,Home,611,14,85,76.11,10/11/2022,1
CUST0098,28,Male,North,Secondary,Unemployed,2300224,826676,Business,834,12,96,79.9,2/13/2024,0
CUST0099,55,Female,North,Graduate,Self-Employed,1676322,183241,Education,576,14,279,86.73,5/13/2019,0
CUST0100,55,Male,East,Secondary,Salaried,1221860,1251700,Business,360,4,234,54.62,1/5/2022,1
CUST0101,53,Male,North,Primary,Self-Employed,2177410,1303499,Education,618,13,27,48.35,5/10/2018,0
CUST0102,25,Male,South,Post-Graduate,Salaried,2330521,58036,Car,351,3,122,38.08,10/1/2019,0
CUST0103,62,Male,South,Secondary,Salaried,961554,995238,Home,452,8,260,60.08,12/2/2023,0
CUST0104,59,Other,East,Graduate,Salaried,737100,1252821,Business,610,14,242,48.61,8/23/2023,1
CUST0105,61,Female,South,Post-Graduate,Salaried,2027971,1033825,Education,843,8,288,48.38,10/27/2024,1
CUST0106,48,Male,West,Post-Graduate,Salaried,919097,252747,Other,688,14,211,89.64,10/30/2024,0
CUST0107,27,Female,South,Graduate,Salaried,2499316,593088,Home,847,13,92,93.64,9/12/2020,0
CUST0108,29,Female,South,Secondary,Salaried,1486921,1386092,Car,476,4,134,77.7,9/19/2020,1
CUST0109,28,Female,North,Primary,Salaried,2397939,1422236,Education,661,9,184,74.32,10/23/2023,0
CUST0110,32,Male,North,Primary,Salaried,310381,900350,Car,613,3,78,67.85,4/11/2018,0
CUST0111,54,Male,South,Secondary,Salaried,1869014,982477,Car,396,6,56,24.12,2/2/2024,0
CUST0112,53,Male,East,Post-Graduate,Salaried,1727969,1431875,Business,512,14,265,15.02,3/3/2019,0
CUST0113,43,Male,North,Post-Graduate,Salaried,1054098,805600,Business,436,5,224,68.71,2/10/2018,0
CUST0114,44,Male,East,Post-Graduate,Salaried,1555568,1158076,Education,305,3,39,71.95,3/5/2019,0
CUST0115,57,Female,South,Post-Graduate,Salaried,218920,217647,Other,408,12,290,13.99,12/10/2018,0
CUST0116,55,Male,South,Secondary,Salaried,980051,286527,Education,846,12,246,88.88,1/1/2019,1
CUST0117,64,Male,West,Post-Graduate,Salaried,2254683,485477,Other,338,14,257,17.75,9/1/2019,0
CUST0118,60,Male,North,Graduate,Self-Employed,1861672,602004,Car,724,9,34,34.3,12/29/2019,0
CUST0119,42,Male,South,Post-Graduate,Salaried,1861646,1495028,Home,560,1,83,67.15,3/26/2024,0
CUST0120,47,Male,West,Primary,Salaried,1785288,52352,Education,725,0,215,24.44,4/4/2020,0
CUST0121,55,Male,North,Post-Graduate,Unemployed,2379655,183004,Education,386,3,103,14.71,10/7/2021,0
CUST0122,21,Male,South,Secondary,Self-Employed,1928539,912881,Other,764,3,136,38.15,6/7/2020,0
CUST0123,55,Male,South,Primary,Unemployed,814917,836261,Car,375,12,34,75.11,8/6/2023,0
CUST0124,57,Male,North,Secondary,Self-Employed,1564022,1447556,Car,770,0,125,45.16,9/3/2021,1
CUST0125,34,Female,North,Secondary,Salaried,1102246,710858,Other,713,5,57,65.5,7/20/2021,0
CUST0126,23,Male,North,Primary,Salaried,169675,781478,Car,756,3,235,59.27,4/27/2018,0
CUST0127,21,Male,South,Secondary,Salaried,223997,100098,Business,584,0,275,11.89,8/12/2024,0
CUST0128,25,Male,South,Secondary,Salaried,2395239,1031890,Home,538,0,108,94.03,1/22/2021,1
CUST0129,46,Female,West,Post-Graduate,Salaried,1117561,424313,Education,671,14,20,13.52,6/17/2018,0
CUST0130,34,Male,East,Graduate,Salaried,2148671,714929,Home,794,12,94,92.26,10/5/2022,0
CUST0131,59,Female,North,Secondary,Salaried,636799,297199,Education,344,0,223,56.74,9/26/2021,0
CUST0132,47,Female,South,Secondary,Self-Employed,905678,176060,Business,700,7,182,91.87,11/26/2019,0
CUST0133,29,Male,South,Secondary,Self-Employed,2388057,1286530,Car,546,9,218,19.75,7/13/2020,0
CUST0134,35,Female,North,Post-Graduate,Salaried,420040,180544,Other,749,7,73,51.68,6/1/2018,0
CUST0135,35,Female,East,Graduate,Self-Employed,1624764,574628,Business,784,1,267,24.41,8/9/2019,1
CUST0136,46,Male,North,Primary,Salaried,716088,749309,Home,317,10,130,14.33,7/1/2020,1
CUST0137,62,Male,East,Post-Graduate,Self-Employed,1294620,656590,Other,588,12,63,62.49,5/10/2024,0
CUST0138,33,Female,South,Post-Graduate,Salaried,1912999,1029947,Car,713,6,281,27.66,4/27/2022,1
CUST0139,52,Female,East,Graduate,Unemployed,808003,797028,Business,534,13,250,59.95,5/11/2019,0
CUST0140,59,Other,West,Graduate,Self-Employed,955113,517243,Other,715,7,252,19.55,11/19/2023,0
CUST0141,52,Male,South,Post-Graduate,Salaried,2166106,574426,Business,798,7,27,38.22,7/11/2019,0
CUST0142,24,Female,West,Primary,Salaried,1083396,443574,Business,414,10,196,76.44,1/10/2021,0
CUST0143,50,Male,North,Post-Graduate,Salaried,983731,518466,Car,533,9,153,47.15,4/2/2022,1
CUST0144,57,Female,North,Graduate,Salaried,1753546,921808,Education,839,14,271,63.36,10/22/2023,0
CUST0145,43,Female,North,Primary,Salaried,2242101,206951,Other,310,10,248,65.03,6/6/2018,0
CUST0146,59,Male,East,Graduate,Salaried,1950830,917964,Car,505,12,85,81.72,1/5/2020,0
CUST0147,35,Male,South,Primary,Salaried,2109310,892210,Business,546,6,197,37.62,12/20/2023,0
CUST0148,63,Male,North,Secondary,Self-Employed,1606081,612060,Car,426,4,255,68.42,11/28/2021,0
CUST0149,49,Male,North,Graduate,Unemployed,265359,1157054,Education,446,0,139,91.74,7/13/2019,0
CUST0150,56,Male,South,Graduate,Salaried,2164410,601050,Other,417,11,292,72.07,11/25/2023,0
CUST0151,33,Female,North,Post-Graduate,Salaried,2313859,1242931,Education,681,8,88,51.64,5/1/2024,1
CUST0152,52,Female,West,Graduate,Salaried,401351,744780,Home,711,12,81,63.61,6/4/2018,1
CUST0153,27,Female,South,Graduate,Self-Employed,1437087,892000,Other,662,6,272,72.87,9/23/2020,0
CUST0154,42,Female,South,Secondary,Salaried,1434294,921522,Education,808,1,200,62.04,4/13/2024,1
CUST0155,48,Female,South,Graduate,Unemployed,2297753,893601,Business,436,5,72,11.42,6/15/2019,0
CUST0156,22,Female,West,Secondary,Self-Employed,1834351,649253,Other,474,1,21,26.56,5/26/2023,0
CUST0157,62,Female,South,Secondary,Salaried,1876605,227912,Other,588,14,150,78.89,12/30/2019,0
CUST0158,26,Male,West,Secondary,Salaried,1662760,225767,Car,780,0,263,33.18,3/23/2021,0
CUST0159,48,Male,South,Secondary,Self-Employed,1612436,286281,Business,318,13,52,72.18,6/3/2018,0
CUST0160,48,Male,East,Primary,Self-Employed,401924,134754,Home,494,6,26,41.63,4/2/2018,0
CUST0161,64,Male,North,Post-Graduate,Salaried,2013236,652276,Education,629,12,72,54.36,7/13/2024,0
CUST0162,64,Male,East,Primary,Salaried,2496582,557732,Car,474,1,262,15.78,2/12/2022,0
CUST0163,40,Male,North,Graduate,Self-Employed,1749792,200023,Education,748,12,17,25.4,9/13/2022,0
CUST0164,50,Female,West,Primary,Salaried,430466,130388,Home,653,13,99,91.36,11/2/2024,0
CUST0165,31,Female,East,Primary,Unemployed,600930,289779,Home,798,13,217,85.66,7/10/2023,0
CUST0166,48,Male,South,Graduate,Salaried,1548616,928453,Other,440,1,293,65.44,2/26/2020,0
CUST0167,45,Male,North,Graduate,Salaried,703343,954850,Home,392,12,127,49.07,9/30/2018,0
CUST0168,59,Male,North,Graduate,Self-Employed,1860524,256846,Education,538,10,184,67.44,7/21/2023,0
CUST0169,53,Female,East,Primary,Salaried,1358948,744335,Business,504,4,85,62.58,6/26/2018,0
CUST0170,21,Male,West,Primary,Salaried,241006,1085354,Business,732,13,110,58.33,10/5/2019,1
CUST0171,47,Female,East,Graduate,Salaried,279350,1230788,Other,544,4,160,15.03,3/14/2023,0
CUST0172,33,Male,West,Post-Graduate,Salaried,838725,838140,Education,616,6,279,63.79,7/21/2019,0
CUST0173,61,Female,West,Post-Graduate,Salaried,938768,1257956,Education,594,0,80,75.36,10/28/2019,0
CUST0174,23,Other,North,Secondary,Salaried,356487,1143365,Home,581,7,189,94.5,8/24/2021,1
CUST0175,59,Male,East,Graduate,Salaried,2345004,76086,Education,316,2,133,10.94,12/4/2022,0
CUST0176,26,Female,East,Secondary,Self-Employed,828841,1377579,Car,370,3,294,72.06,12/5/2020,0
CUST0177,28,Female,West,Post-Graduate,Salaried,1376408,581972,Home,568,14,204,58.6,6/7/2024,1
CUST0178,47,Female,East,Secondary,Salaried,195232,1189664,Car,624,8,237,46.89,2/12/2019,0
CUST0179,29,Male,South,Graduate,Salaried,1407669,444423,Other,604,3,284,20.84,4/27/2021,0
CUST0180,57,Female,South,Graduate,Unemployed,1176657,640381,Business,750,9,115,44.77,1/28/2023,0
CUST0181,53,Female,East,Graduate,Self-Employed,1529904,1259337,Other,306,11,30,40.12,2/26/2021,0
CUST0182,62,Female,East,Primary,Salaried,1587188,885083,Business,613,14,73,35.74,2/15/2021,0
CUST0183,64,Female,West,Secondary,Salaried,1806321,1223650,Other,402,4,174,72.12,5/24/2018,0
CUST0184,44,Female,South,Post-Graduate,Salaried,688645,939497,Education,492,6,36,69.56,10/25/2024,0
CUST0185,35,Other,South,Post-Graduate,Self-Employed,1721951,180351,Car,828,3,294,60.07,5/2/2019,0
CUST0186,52,Female,North,Post-Graduate,Self-Employed,1310248,88635,Business,470,13,157,89.79,5/9/2020,0
CUST0187,52,Female,West,Primary,Self-Employed,480817,1023619,Home,836,0,290,39.74,4/20/2023,0
CUST0188,44,Female,North,Primary,Self-Employed,1788497,1193647,Car,550,8,173,30.72,5/28/2018,0
CUST0189,61,Male,South,Graduate,Self-Employed,1014690,1045909,Home,686,3,233,65.75,9/21/2021,1
CUST0190,32,Female,West,Post-Graduate,Salaried,1267862,914950,Car,506,8,281,26.9,9/19/2021,0
CUST0191,59,Female,East,Primary,Salaried,2340421,1466953,Car,840,5,155,36.78,3/31/2018,1
CUST0192,22,Male,West,Graduate,Salaried,2317354,940083,Other,715,14,39,29.09,9/19/2021,0
CUST0193,23,Female,East,Post-Graduate,Salaried,1247353,647093,Business,679,0,54,15.88,7/18/2018,0
CUST0194,57,Male,East,Secondary,Self-Employed,2395218,471280,Business,443,11,284,80.34,6/22/2019,0
CUST0195,37,Female,West,Graduate,Salaried,1003695,959245,Car,324,2,43,31.64,10/28/2018,0
CUST0196,22,Female,East,Primary,Salaried,340706,391207,Education,372,10,150,50.21,12/25/2019,0
CUST0197,22,Female,North,Primary,Salaried,774446,1363174,Education,392,1,230,13.68,5/18/2022,0
CUST0198,48,Male,South,Graduate,Salaried,947232,1381598,Home,804,8,31,69.44,12/30/2021,1
CUST0199,43,Female,East,Graduate,Salaried,974255,1280746,Home,635,14,189,38.1,3/9/2018,0
CUST0200,57,Female,North,Primary,Salaried,430852,243226,Other,724,11,240,73.3,3/18/2022,0
CUST0201,52,Male,East,Secondary,Salaried,738158,1242639,Car,798,0,47,45.05,2/2/2019,0
CUST0202,53,Male,South,Post-Graduate,Salaried,1015139,642632,Home,663,12,79,26.64,9/12/2019,1
CUST0203,21,Female,North,Secondary,Salaried,1728638,610881,Home,498,13,125,53.62,5/4/2022,0
CUST0204,39,Male,South,Graduate,Salaried,1340631,610592,Car,712,8,248,21.09,3/9/2021,0
CUST0205,22,Male,South,Secondary,Salaried,2081342,1212189,Other,638,8,157,47.45,12/31/2019,0
CUST0206,64,Female,North,Primary,Salaried,2241635,464299,Home,728,7,18,36.97,7/10/2019,0
CUST0207,46,Male,North,Graduate,Salaried,2131019,334334,Other,438,7,297,87.52,5/7/2023,0
CUST0208,52,Female,North,Post-Graduate,Self-Employed,2361738,471614,Business,841,10,59,15.18,10/18/2022,0
CUST0209,26,Male,West,Primary,Salaried,1648492,1281619,Other,356,13,14,68.99,5/18/2024,0
CUST0210,52,Female,North,Primary,Salaried,439768,1249151,Education,531,11,135,25.53,9/22/2020,0
CUST0211,24,Male,North,Post-Graduate,Self-Employed,2418185,175438,Education,734,0,84,37.12,5/14/2023,0
CUST0212,31,Female,North,Post-Graduate,Salaried,1711456,1072892,Other,683,10,174,45.32,5/21/2022,0
CUST0213,37,Male,North,Secondary,Salaried,1876199,844448,Education,493,7,287,87.18,1/20/2022,1
CUST0214,58,Female,East,Graduate,Self-Employed,425709,314528,Business,833,9,299,30.62,11/5/2023,0
CUST0215,44,Male,West,Post-Graduate,Salaried,324023,1291968,Car,817,13,86,17.76,1/7/2021,0
CUST0216,25,Female,South,Post-Graduate,Salaried,1027611,458288,Education,484,2,146,37.09,6/9/2024,0
CUST0217,54,Female,North,Graduate,Unemployed,593945,152239,Education,591,10,115,18.9,11/4/2021,0
CUST0218,26,Other,East,Post-Graduate,Self-Employed,2265810,685719,Other,634,6,104,20.93,12/18/2023,1
CUST0219,42,Female,East,Post-Graduate,Salaried,171253,754293,Business,415,10,144,58.78,7/23/2021,0
CUST0220,31,Male,East,Secondary,Salaried,2426787,858258,Car,348,14,77,15.18,9/19/2022,0
CUST0221,36,Female,South,Primary,Salaried,2404614,380170,Other,381,0,156,12.63,6/17/2020,0
CUST0222,53,Male,North,Primary,Salaried,2457249,171668,Other,632,0,168,70.73,4/21/2021,1
CUST0223,29,Male,West,Primary,Salaried,1100162,816988,Business,634,9,172,40.74,3/16/2022,0
CUST0224,26,Male,West,Primary,Salaried,1424634,598333,Car,831,12,198,20.66,3/19/2018,0
CUST0225,36,Female,East,Post-Graduate,Salaried,1008379,231948,Business,520,4,104,31.56,3/13/2022,1
CUST0226,49,Female,South,Graduate,Salaried,1378807,535662,Car,622,4,190,64.58,8/26/2018,0
CUST0227,23,Male,South,Graduate,Self-Employed,272775,664390,Business,302,7,297,33.42,3/3/2021,0
CUST0228,40,Female,South,Secondary,Self-Employed,1119211,364063,Other,505,6,196,52.03,6/20/2023,0
CUST0229,56,Male,West,Secondary,Salaried,2060947,1256751,Other,339,7,147,20.34,4/30/2021,0
CUST0230,39,Male,East,Post-Graduate,Salaried,469972,299877,Home,358,5,139,59.99,10/5/2018,0
CUST0231,46,Male,North,Graduate,Salaried,418854,1003692,Education,806,5,203,36.87,6/8/2019,0
CUST0232,23,Male,West,Graduate,Salaried,564600,1235493,Business,421,1,282,63.29,6/29/2018,1
CUST0233,39,Female,East,Primary,Self-Employed,2137118,267770,Home,778,5,153,78.71,5/3/2018,0
CUST0234,40,Female,East,Post-Graduate,Salaried,2419070,692613,Education,395,4,25,61.99,6/23/2021,0
CUST0235,52,Female,North,Post-Graduate,Salaried,369055,727673,Business,713,12,254,35.14,10/24/2022,0
CUST0236,27,Male,North,Primary,Salaried,2183901,994447,Car,534,2,116,31.74,12/30/2020,0
CUST0237,61,Male,North,Post-Graduate,Salaried,1598763,390093,Education,361,5,97,37.83,4/25/2019,0
CUST0238,53,Male,South,Post-Graduate,Salaried,1021877,1411871,Other,555,7,138,23.99,12/3/2022,0
CUST0239,60,Female,North,Secondary,Salaried,1406715,1072145,Home,647,8,13,25.4,11/2/2023,0
CUST0240,59,Male,East,Graduate,Unemployed,230257,655730,Education,423,0,104,77.21,8/1/2024,0
CUST0241,38,Female,North,Post-Graduate,Salaried,1676534,1148423,Education,781,2,218,42.7,3/26/2020,1
CUST0242,60,Other,East,Secondary,Salaried,974143,1157229,Other,616,2,234,47.06,3/19/2019,1
CUST0243,21,Female,West,Graduate,Salaried,2457697,368766,Business,803,10,56,60.49,5/23/2018,0
CUST0244,31,Female,South,Primary,Salaried,678423,1388530,Car,347,7,190,60.12,7/11/2018,0
CUST0245,48,Male,West,Secondary,Unemployed,1074133,1176418,Other,708,0,115,15.73,11/11/2021,0
CUST0246,45,Female,West,Secondary,Salaried,521616,322647,Car,435,4,208,80.68,1/13/2019,0
CUST0247,43,Female,East,Graduate,Self-Employed,2110155,134761,Business,500,2,115,25.07,6/19/2019,0
CUST0248,51,Female,West,Primary,Salaried,925158,848022,Education,549,1,289,71.46,9/13/2022,0
CUST0249,50,Male,East,Secondary,Salaried,1918967,716246,Car,613,14,269,75.68,10/29/2020,0
CUST0250,62,Male,North,Post-Graduate,Salaried,2018388,980370,Home,667,7,117,70.77,11/11/2021,0
CUST0251,55,Male,North,Post-Graduate,Self-Employed,1066383,378768,Home,728,2,28,59.21,11/11/2023,0
CUST0252,27,Female,East,Post-Graduate,Salaried,429215,738152,Other,779,6,180,11.24,6/13/2023,0
CUST0253,36,Female,North,Primary,Salaried,423349,452980,Business,613,11,204,40.63,3/23/2021,0
CUST0254,46,Female,South,Secondary,Unemployed,2109669,1088336,Other,799,10,21,61.41,2/9/2019,0
CUST0255,22,Male,West,Post-Graduate,Salaried,1990914,831198,Other,654,0,204,42.93,3/18/2021,0
CUST0256,21,Female,South,Primary,Salaried,2110584,1218932,Other,784,5,292,83.4,6/7/2020,0
CUST0257,32,Male,West,Post-Graduate,Salaried,2179450,1315804,Home,510,2,191,36.25,2/26/2019,1
CUST0258,25,Male,North,Graduate,Unemployed,1541405,92727,Home,343,7,153,34.95,6/30/2022,0
CUST0259,57,Male,South,Secondary,Salaried,1571174,390615,Other,840,5,191,32.61,4/17/2019,0
CUST0260,52,Female,North,Secondary,Self-Employed,1566207,691211,Home,391,11,39,38.29,7/1/2019,0
CUST0261,29,Male,West,Primary,Self-Employed,728688,1499087,Business,564,1,93,57.38,9/23/2019,1
CUST0262,61,Female,East,Primary,Salaried,181852,484376,Other,519,5,175,70.1,11/3/2020,0
CUST0263,55,Female,East,Secondary,Self-Employed,1711588,61390,Home,741,6,293,66.32,1/4/2023,0
CUST0264,39,Male,South,Post-Graduate,Salaried,183691,681040,Car,700,4,290,78.66,12/30/2018,1
CUST0265,36,Female,North,Post-Graduate,Salaried,544341,987635,Other,699,2,105,85.3,12/7/2023,1
CUST0266,23,Male,North,Graduate,Self-Employed,1396713,1455474,Other,789,3,275,79.37,6/30/2019,1
CUST0267,40,Male,South,Post-Graduate,Self-Employed,682726,1436689,Business,784,3,234,11.61,9/26/2019,1
CUST0268,44,Male,East,Primary,Salaried,1599796,1019831,Education,769,5,51,72.55,4/21/2023,1
CUST0269,53,Male,West,Primary,Salaried,946184,799078,Education,744,9,255,27.71,8/8/2022,0
CUST0270,44,Female,South,Post-Graduate,Salaried,1254002,1437784,Business,568,0,217,21.3,8/20/2020,0
CUST0271,31,Male,West,Primary,Salaried,389968,71281,Business,566,10,246,64.27,6/1/2020,0
CUST0272,28,Female,East,Secondary,Salaried,438963,104189,Business,353,3,31,37.18,5/20/2020,0
CUST0273,56,Female,North,Secondary,Salaried,1460077,312093,Education,827,9,194,14.85,5/31/2019,0
CUST0274,58,Female,East,Post-Graduate,Salaried,669165,1409231,Business,819,12,251,21.7,11/21/2021,0
CUST0275,60,Female,South,Secondary,Salaried,369780,412462,Home,358,3,292,10.08,5/15/2020,0
CUST0276,40,Female,North,Secondary,Salaried,1177557,444597,Other,339,9,50,86.77,11/24/2023,0
CUST0277,55,Male,South,Graduate,Salaried,1854581,856242,Other,536,0,171,12.09,1/13/2021,0
CUST0278,45,Male,South,Graduate,Salaried,1360578,1347991,Car,685,8,169,27.8,8/2/2018,0
CUST0279,55,Female,East,Secondary,Self-Employed,2146170,729682,Car,599,3,98,45.38,2/23/2024,0
CUST0280,45,Female,South,Post-Graduate,Salaried,1643934,1140445,Other,694,6,21,40.31,1/19/2018,0
CUST0281,49,Male,East,Graduate,Unemployed,1441627,607243,Home,506,11,82,87.5,10/4/2019,0
CUST0282,38,Female,North,Primary,Self-Employed,1356123,60207,Education,635,13,85,13.42,1/9/2021,0
CUST0283,38,Male,East,Primary,Salaried,1766596,268401,Education,813,2,210,53.54,11/26/2018,0
CUST0284,22,Female,North,Primary,Self-Employed,1935559,1035132,Home,477,9,19,67.84,5/15/2020,0
CUST0285,55,Male,East,Post-Graduate,Salaried,458449,209292,Education,695,11,235,89.19,2/13/2020,0
CUST0286,36,Male,West,Secondary,Salaried,683634,546762,Business,670,2,185,62.73,1/27/2019,0
CUST0287,61,Male,West,Primary,Salaried,1211339,1303733,Other,617,13,285,78.32,9/29/2019,0
CUST0288,56,Female,South,Post-Graduate,Salaried,340237,1120607,Other,668,7,48,17.12,6/12/2024,1
CUST0289,53,Female,East,Graduate,Salaried,1006047,513937,Home,683,7,69,42.8,10/22/2020,0
CUST0290,24,Male,East,Secondary,Salaried,579332,917239,Education,361,10,75,41.79,8/2/2022,0
CUST0291,53,Female,North,Graduate,Salaried,1289929,645600,Car,804,11,133,85.33,1/10/2020,0
CUST0292,34,Male,South,Post-Graduate,Self-Employed,371373,634054,Car,538,0,173,22.87,3/26/2022,0
CUST0293,41,Female,East,Primary,Salaried,1556368,1242097,Education,494,9,168,22.91,4/14/2019,0
CUST0294,40,Male,South,Primary,Self-Employed,995474,401977,Car,521,1,66,37.93,3/9/2024,0
CUST0295,28,Male,West,Post-Graduate,Salaried,1740963,237771,Home,360,7,87,14.63,2/9/2021,0
CUST0296,27,Female,East,Primary,Salaried,521233,287199,Home,428,0,203,25.51,10/28/2020,0
CUST0297,23,Other,East,Secondary,Self-Employed,1374744,1048757,Education,455,14,294,92.04,5/23/2020,0
CUST0298,37,Female,South,Post-Graduate,Salaried,1925922,810129,Car,677,11,24,46.4,4/5/2019,0
CUST0299,53,Female,East,Graduate,Salaried,818590,685329,Home,736,7,21,63.72,4/19/2024,0
CUST0300,32,Female,South,Post-Graduate,Salaried,2281018,690473,Home,506,7,110,71.72,3/30/2022,1
CUST0301,42,Male,East,Secondary,Salaried,585071,227164,Business,687,1,165,41.19,1/22/2020,0
CUST0302,42,Other,North,Secondary,Unemployed,2434139,801518,Business,779,3,134,22.51,1/1/2022,0
CUST0303,50,Female,South,Post-Graduate,Salaried,444746,563313,Home,639,5,289,27.56,11/13/2022,0
CUST0304,58,Female,East,Post-Graduate,Unemployed,1666450,1092726,Education,639,11,119,36.63,5/3/2020,0
CUST0305,58,Female,West,Primary,Salaried,1387715,1167063,Other,503,10,155,64.07,4/2/2024,0
CUST0306,28,Female,East,Secondary,Salaried,308588,198694,Other,460,8,225,43.85,8/22/2021,0
CUST0307,47,Female,West,Post-Graduate,Salaried,1852159,173853,Home,839,14,171,10.58,4/23/2019,1
CUST0308,47,Male,West,Post-Graduate,Salaried,2153426,1413837,Home,691,7,137,54.49,3/13/2024,0
CUST0309,54,Female,North,Secondary,Salaried,1460875,285062,Home,833,11,159,88.33,5/15/2018,1
CUST0310,41,Male,South,Post-Graduate,Self-Employed,273950,283077,Education,369,14,45,79.03,2/26/2021,0
CUST0311,50,Other,East,Primary,Self-Employed,479638,937516,Business,704,7,182,80.14,2/14/2019,1
CUST0312,53,Female,North,Secondary,Salaried,750517,1122358,Home,816,6,31,77.58,12/16/2021,0
CUST0313,48,Male,East,Primary,Unemployed,1303224,704224,Home,419,13,215,37.52,8/10/2021,0
CUST0314,53,Female,West,Primary,Self-Employed,188547,203245,Car,516,12,136,75.04,6/23/2021,0
CUST0315,25,Female,South,Primary,Self-Employed,2433520,1220834,Education,355,8,226,22.17,4/29/2022,0
CUST0316,39,Female,East,Primary,Salaried,695735,504418,Home,665,14,105,65.91,3/27/2018,1
CUST0317,24,Female,East,Secondary,Salaried,1890534,1484904,Car,803,1,173,64.53,2/9/2023,0
CUST0318,55,Male,West,Primary,Salaried,1454766,328710,Other,754,2,157,12.17,1/9/2022,0
CUST0319,37,Female,East,Primary,Salaried,2453554,712550,Home,403,9,27,76.98,1/13/2019,0
CUST0320,64,Female,East,Post-Graduate,Salaried,904105,1056111,Home,376,7,204,86.78,8/8/2022,0
CUST0321,48,Male,West,Secondary,Self-Employed,262782,612621,Car,529,13,160,32.73,12/10/2020,0
CUST0322,50,Female,North,Secondary,Salaried,777220,1482649,Education,557,5,132,79.05,8/30/2018,0
CUST0323,49,Male,West,Graduate,Salaried,2125608,663859,Home,563,9,196,17,7/8/2020,0
CUST0324,26,Male,North,Secondary,Unemployed,1161316,1218839,Other,630,8,158,61,5/6/2022,1
CUST0325,55,Female,South,Secondary,Self-Employed,593316,50159,Home,481,9,113,51.28,5/2/2024,0
CUST0326,61,Female,North,Graduate,Salaried,2124259,1048413,Other,849,3,252,56.4,6/25/2021,0
CUST0327,57,Male,North,Secondary,Self-Employed,1384915,1261569,Business,326,7,240,88.73,3/11/2018,0
CUST0328,44,Female,South,Secondary,Salaried,625595,417003,Business,575,9,215,84.06,10/6/2023,0
CUST0329,49,Male,North,Secondary,Salaried,1615744,1245885,Other,598,2,207,76.73,11/6/2021,0
CUST0330,51,Male,West,Secondary,Salaried,2038806,1206083,Education,390,2,96,33.26,9/18/2023,0
CUST0331,55,Male,North,Graduate,Salaried,1702226,1113319,Home,779,7,151,87.5,7/1/2023,0
CUST0332,53,Male,South,Secondary,Salaried,2298091,1144677,Home,757,4,208,18.29,3/11/2020,0
CUST0333,41,Male,West,Secondary,Salaried,1910462,1341293,Business,750,2,55,82.53,11/7/2020,1
CUST0334,52,Female,South,Graduate,Salaried,2388673,695822,Other,664,9,297,37.89,4/4/2020,0
CUST0335,43,Female,South,Post-Graduate,Salaried,1773154,1444947,Home,650,10,24,14.57,1/26/2020,0
CUST0336,53,Male,East,Primary,Salaried,1023093,1329180,Home,699,0,53,66.9,7/27/2024,1
CUST0337,23,Female,East,Post-Graduate,Self-Employed,959178,1286026,Education,552,14,178,29.66,6/19/2023,1
CUST0338,38,Female,South,Graduate,Salaried,733098,386907,Car,758,2,53,30.7,1/14/2023,0
CUST0339,45,Male,South,Primary,Salaried,626513,537030,Business,798,11,107,36.01,8/14/2021,0
CUST0340,62,Female,South,Graduate,Salaried,1856533,455453,Business,807,8,270,15.41,5/19/2024,0
CUST0341,51,Other,East,Graduate,Salaried,871037,721009,Car,603,4,118,25.06,5/29/2022,1
CUST0342,23,Male,East,Secondary,Salaried,1463379,218785,Home,800,11,292,10.44,4/20/2018,1
CUST0343,60,Male,North,Primary,Self-Employed,2373650,254535,Education,465,9,113,47.86,10/13/2020,0
CUST0344,44,Female,North,Secondary,Salaried,1171469,750769,Education,714,14,265,17.16,5/16/2023,0
CUST0345,52,Female,South,Primary,Salaried,1734973,229838,Business,761,1,215,68.03,11/5/2022,0
CUST0346,42,Male,West,Graduate,Self-Employed,1962336,620442,Education,413,6,52,30.03,1/25/2018,0
CUST0347,43,Female,West,Graduate,Salaried,289544,319160,Car,732,14,254,90.2,4/22/2020,0
CUST0348,22,Female,East,Post-Graduate,Salaried,2493335,522779,Home,655,1,296,84.06,1/8/2020,0
CUST0349,47,Female,East,Primary,Salaried,613001,491904,Car,506,3,282,34.6,10/6/2023,1
CUST0350,62,Female,East,Secondary,Salaried,1967189,926110,Other,534,11,92,76.57,6/29/2018,0
CUST0351,22,Female,South,Post-Graduate,Salaried,2301061,948488,Business,741,6,119,78.28,8/20/2018,0
CUST0352,46,Male,West,Post-Graduate,Salaried,1120834,628526,Education,654,3,199,93.86,4/2/2023,0
CUST0353,37,Male,North,Post-Graduate,Self-Employed,665693,370752,Other,814,6,297,60.82,12/9/2018,0
CUST0354,60,Female,South,Secondary,Self-Employed,389017,1346220,Education,507,6,260,16.97,4/22/2019,0
CUST0355,53,Female,North,Post-Graduate,Self-Employed,564994,887393,Home,424,0,221,64.98,12/28/2022,0
CUST0356,29,Male,North,Secondary,Self-Employed,1091768,1298351,Home,437,5,142,63.12,3/31/2019,0
CUST0357,63,Female,South,Post-Graduate,Salaried,1990083,1012261,Home,638,8,210,64.26,6/9/2021,1
CUST0358,59,Female,North,Secondary,Self-Employed,1667740,990240,Education,836,1,294,36.11,10/16/2018,0
CUST0359,49,Male,West,Graduate,Salaried,1226941,864422,Other,367,13,104,83.07,5/21/2021,0
CUST0360,62,Female,North,Graduate,Salaried,615982,1161127,Home,840,2,287,91.56,4/24/2024,0
CUST0361,46,Female,West,Graduate,Salaried,423146,784983,Other,682,9,228,28.51,6/14/2019,0
CUST0362,55,Female,West,Graduate,Salaried,1474667,216277,Education,318,4,98,17.49,3/26/2024,0
CUST0363,45,Female,West,Graduate,Salaried,1408870,1088660,Other,749,8,81,26.54,8/19/2019,0
CUST0364,44,Male,East,Post-Graduate,Unemployed,2079848,130811,Education,373,3,256,79.75,3/11/2019,0
CUST0365,33,Female,North,Post-Graduate,Salaried,1314795,829128,Education,575,0,138,67.51,5/31/2020,0
CUST0366,27,Male,South,Post-Graduate,Salaried,1539330,891535,Business,347,3,221,64.06,11/17/2022,0
CUST0367,56,Male,South,Secondary,Salaried,1334141,1009131,Education,510,5,105,44.15,2/6/2019,0
CUST0368,40,Female,North,Secondary,Self-Employed,708516,1466842,Education,839,4,84,59.12,11/6/2023,1
CUST0369,21,Male,East,Secondary,Salaried,1116920,284104,Car,490,13,63,36.17,4/15/2022,1
CUST0370,28,Male,East,Secondary,Self-Employed,227175,252346,Home,614,12,63,50.56,11/5/2018,0
CUST0371,36,Female,West,Graduate,Salaried,2228808,234456,Business,412,0,227,77.41,12/9/2018,0
CUST0372,34,Male,North,Graduate,Salaried,1507453,1497585,Business,469,3,25,93.41,3/12/2019,1
CUST0373,32,Male,North,Graduate,Salaried,245028,186643,Business,767,5,108,89.26,6/26/2018,0
CUST0374,43,Female,South,Primary,Self-Employed,1708242,1212126,Car,313,12,29,89.38,5/19/2018,0
CUST0375,35,Female,North,Post-Graduate,Salaried,641450,534146,Education,587,14,55,44.19,7/13/2018,1
CUST0376,48,Male,East,Secondary,Salaried,275149,1010652,Home,488,9,202,49.85,3/30/2021,0
CUST0377,54,Female,North,Secondary,Salaried,903704,141218,Other,454,9,67,69.98,7/31/2020,1
CUST0378,22,Female,South,Graduate,Salaried,1401011,1231872,Education,770,13,120,88.39,6/9/2019,1
CUST0379,52,Female,West,Secondary,Salaried,313834,1278343,Car,374,3,138,22.07,6/13/2022,0
CUST0380,43,Female,South,Secondary,Salaried,1379787,957211,Education,576,14,203,35.86,3/7/2024,1
CUST0381,42,Other,South,Post-Graduate,Salaried,1475569,1490434,Education,642,13,17,21.84,1/11/2020,0
CUST0382,45,Female,West,Graduate,Salaried,1566828,1338592,Car,724,8,38,62.02,5/11/2020,0
CUST0383,42,Female,South,Post-Graduate,Salaried,2074717,82441,Business,810,4,121,36.04,8/11/2020,0
CUST0384,42,Female,South,Primary,Salaried,1007342,1336614,Business,481,7,170,37.72,7/26/2021,0
CUST0385,62,Male,North,Primary,Salaried,435711,744489,Home,757,8,140,16.03,6/28/2021,0
CUST0386,26,Male,North,Primary,Self-Employed,1233868,805612,Home,363,9,197,39.73,10/10/2022,0
CUST0387,35,Female,West,Graduate,Salaried,1273389,94760,Business,559,4,172,83.31,12/28/2023,0
CUST0388,63,Female,North,Secondary,Self-Employed,725919,1097159,Other,492,5,206,29.81,3/2/2020,0
CUST0389,57,Female,North,Graduate,Self-Employed,2257037,335622,Education,705,0,213,69.09,6/30/2019,0
CUST0390,53,Male,South,Graduate,Salaried,2175739,1446436,Other,392,10,221,63.52,1/19/2023,0
CUST0391,28,Female,East,Secondary,Self-Employed,1002746,717540,Education,729,11,118,83.4,10/13/2020,1
CUST0392,64,Male,North,Post-Graduate,Salaried,1525807,148538,Business,733,14,285,21.24,4/12/2023,1
CUST0393,64,Male,East,Primary,Unemployed,572381,866228,Home,703,6,82,93.1,4/3/2022,0
CUST0394,25,Female,North,Post-Graduate,Salaried,1126433,1025776,Home,733,3,176,59.52,2/26/2018,1
CUST0395,59,Female,North,Primary,Salaried,610244,561511,Other,411,10,269,94.62,11/30/2023,0
CUST0396,24,Female,West,Graduate,Self-Employed,855860,1319611,Home,674,1,252,87.48,1/5/2018,0
CUST0397,26,Female,West,Primary,Unemployed,1670943,935258,Business,358,4,284,28.83,12/8/2021,0
CUST0398,52,Male,West,Graduate,Self-Employed,1519363,432736,Other,342,11,111,14.77,9/24/2021,0
CUST0399,50,Female,East,Post-Graduate,Salaried,2292052,1454355,Education,506,2,182,31.73,12/26/2022,1
CUST0400,55,Male,South,Graduate,Salaried,1634738,628328,Home,595,5,180,54.84,7/6/2021,0
CUST0401,60,Female,North,Post-Graduate,Unemployed,551067,911789,Car,417,7,150,24.59,11/8/2023,0
CUST0402,36,Female,North,Secondary,Salaried,1271268,1376931,Home,831,6,197,24.23,6/27/2021,0
CUST0403,33,Female,North,Secondary,Self-Employed,610796,417570,Education,521,2,95,49.32,2/5/2021,0
CUST0404,62,Female,East,Secondary,Self-Employed,2070444,317986,Other,465,7,61,12.83,10/30/2019,0
CUST0405,50,Female,West,Graduate,Salaried,1950072,506331,Education,455,1,120,20.36,7/5/2021,0
CUST0406,39,Female,South,Secondary,Salaried,1244979,1486457,Car,483,9,52,45.35,9/23/2020,0
CUST0407,37,Male,East,Primary,Salaried,1814034,1406688,Business,389,8,220,15.37,4/11/2023,0
CUST0408,39,Male,West,Post-Graduate,Salaried,945600,853940,Home,393,3,209,43.72,10/9/2018,0
CUST0409,48,Male,East,Post-Graduate,Self-Employed,1154001,203077,Other,312,0,249,50.29,5/12/2021,0
CUST0410,46,Male,South,Primary,Salaried,462023,1153151,Business,737,7,124,48.36,8/26/2023,0
CUST0411,57,Female,West,Graduate,Self-Employed,2225712,468815,Education,837,6,35,83.88,7/24/2020,0
CUST0412,46,Female,East,Graduate,Salaried,641862,530808,Other,449,10,86,55.06,9/11/2018,0
CUST0413,43,Male,South,Post-Graduate,Unemployed,905111,823422,Business,307,12,146,49.78,4/26/2021,0
CUST0414,29,Male,North,Secondary,Salaried,2470715,641343,Other,328,4,29,44.91,11/25/2018,0
CUST0415,32,Male,South,Graduate,Salaried,2384805,680527,Car,595,9,220,79.5,11/21/2021,0
CUST0416,21,Female,North,Graduate,Salaried,260155,285469,Car,639,12,249,86.08,3/21/2022,1
CUST0417,21,Female,East,Primary,Self-Employed,2049054,1221682,Home,738,4,48,82.53,4/7/2021,0
CUST0418,54,Male,West,Primary,Self-Employed,1700184,841787,Home,443,6,277,67.25,9/13/2022,0
CUST0419,52,Female,West,Secondary,Self-Employed,238668,517835,Car,818,4,216,21.68,8/10/2024,1
CUST0420,45,Female,East,Graduate,Salaried,2074914,350486,Other,344,7,276,33.53,4/16/2021,0
CUST0421,60,Male,West,Graduate,Salaried,2234508,52257,Car,538,10,163,13.92,10/17/2019,0
CUST0422,21,Female,West,Primary,Salaried,703091,1388084,Home,454,12,51,89.12,10/17/2021,0
CUST0423,36,Female,North,Graduate,Salaried,1706396,1210291,Car,480,5,20,66.17,1/30/2020,0
CUST0424,59,Male,East,Post-Graduate,Salaried,420914,1125230,Car,514,12,107,73.44,12/4/2022,0
CUST0425,25,Male,South,Primary,Unemployed,1591985,393567,Other,387,4,284,36.48,11/29/2020,1
CUST0426,42,Male,North,Secondary,Unemployed,512455,341464,Business,555,8,239,81.88,2/20/2019,0
CUST0427,49,Male,East,Primary,Unemployed,429713,595096,Home,810,10,229,32.07,9/12/2018,0
CUST0428,23,Female,North,Graduate,Self-Employed,1184586,626677,Other,372,1,74,10.14,3/12/2021,1
CUST0429,32,Female,South,Secondary,Salaried,1996198,538906,Car,478,0,241,42,2/20/2023,1
CUST0430,46,Male,South,Primary,Salaried,2047832,168581,Car,511,7,61,58.51,6/18/2020,0
CUST0431,36,Male,East,Post-Graduate,Salaried,1896688,1226503,Business,533,11,272,50.69,8/21/2023,0
CUST0432,57,Male,South,Post-Graduate,Self-Employed,1886263,1133349,Home,764,2,276,83.28,1/26/2018,1
CUST0433,42,Male,North,Primary,Salaried,1502790,388540,Home,522,13,163,18.96,2/25/2019,0
CUST0434,49,Female,South,Post-Graduate,Salaried,2234504,551590,Education,563,10,149,57.07,5/29/2021,0
CUST0435,34,Male,North,Post-Graduate,Salaried,2404736,1468412,Home,506,11,60,53.6,2/20/2023,1
CUST0436,48,Male,North,Post-Graduate,Salaried,809738,1313340,Business,665,11,126,33.92,6/14/2021,0
CUST0437,25,Male,South,Secondary,Self-Employed,1763447,922328,Education,575,11,55,79.89,4/3/2024,0
CUST0438,50,Female,East,Post-Graduate,Self-Employed,2070379,665175,Education,679,6,97,73.99,10/5/2020,0
CUST0439,25,Male,West,Post-Graduate,Salaried,1309608,1220694,Car,608,9,217,72.29,8/7/2018,0
CUST0440,32,Female,South,Post-Graduate,Unemployed,1405516,1063539,Car,567,12,278,84.48,2/19/2022,0
CUST0441,36,Male,North,Secondary,Self-Employed,1503324,1408097,Home,363,10,98,71.44,5/14/2023,0
CUST0442,46,Female,North,Primary,Salaried,2080082,1253202,Education,649,7,127,29.71,10/25/2019,0
CUST0443,46,Female,South,Graduate,Salaried,223869,898923,Car,793,14,63,69.97,9/16/2020,0
CUST0444,41,Male,East,Post-Graduate,Salaried,1990418,1344315,Business,822,12,125,36.15,7/8/2018,0
CUST0445,59,Male,East,Primary,Salaried,1019807,528356,Car,397,12,127,30.58,9/12/2018,0
CUST0446,56,Female,North,Post-Graduate,Unemployed,1909980,329067,Car,370,5,269,16.21,3/9/2018,0
CUST0447,53,Female,North,Secondary,Salaried,352416,1408311,Education,663,11,84,73.24,9/8/2019,0
CUST0448,50,Male,East,Primary,Self-Employed,1519277,366480,Education,575,9,16,70.44,7/11/2024,0
CUST0449,57,Female,West,Secondary,Salaried,1478263,386227,Other,349,13,131,29.93,5/23/2020,0
CUST0450,43,Female,South,Post-Graduate,Salaried,899971,1339467,Business,657,8,20,73.7,6/5/2024,0
CUST0451,30,Female,North,Post-Graduate,Salaried,415972,214074,Education,784,6,224,88.02,6/14/2022,1
CUST0452,25,Male,North,Secondary,Salaried,1492057,523314,Home,383,14,288,19.18,12/23/2018,0
CUST0453,56,Female,East,Graduate,Salaried,2383706,338816,Business,595,9,37,29.77,9/13/2018,0
CUST0454,54,Male,South,Secondary,Unemployed,2050341,840645,Business,535,4,244,73.77,10/4/2020,1
CUST0455,51,Female,East,Post-Graduate,Salaried,635757,1239941,Education,355,7,35,33.33,7/28/2024,0
CUST0456,30,Male,South,Secondary,Salaried,2204376,1067481,Business,659,14,63,63.1,10/22/2022,0
CUST0457,39,Male,South,Graduate,Salaried,2429176,112507,Education,409,1,38,16.9,10/11/2018,0
CUST0458,52,Male,South,Secondary,Salaried,1335111,1155710,Car,491,6,173,48.44,4/9/2018,0
CUST0459,21,Female,North,Graduate,Salaried,917524,183172,Other,392,14,279,72.82,7/16/2018,1
CUST0460,25,Male,West,Graduate,Salaried,1793312,291225,Car,359,3,44,68.35,5/27/2020,0
CUST0461,24,Male,East,Secondary,Salaried,1650948,243069,Education,338,8,295,79.28,2/12/2023,0
CUST0462,36,Male,West,Secondary,Salaried,2282786,864604,Education,839,11,282,84.58,10/20/2021,0
CUST0463,44,Female,East,Primary,Salaried,1005080,856564,Car,348,0,217,75.72,8/12/2024,0
CUST0464,36,Other,South,Post-Graduate,Salaried,1744918,1272613,Home,719,6,247,67.08,7/24/2019,0
CUST0465,22,Male,North,Graduate,Salaried,1792892,546013,Home,312,5,102,12.7,12/1/2020,0
CUST0466,48,Female,West,Primary,Salaried,623866,344025,Home,335,7,182,55.47,2/26/2019,0
CUST0467,52,Female,North,Secondary,Unemployed,1875322,787954,Education,400,4,88,13.2,4/19/2021,0
CUST0468,47,Female,East,Post-Graduate,Self-Employed,1513501,860904,Business,385,14,119,78.69,6/29/2019,1
CUST0469,40,Male,North,Primary,Salaried,858140,757173,Education,815,0,226,37.26,3/12/2018,1
CUST0470,44,Male,North,Graduate,Salaried,342512,805728,Business,522,0,115,57.81,5/8/2021,0
CUST0471,32,Male,West,Primary,Unemployed,1111703,1356379,Car,637,8,56,33.75,2/7/2020,0
CUST0472,55,Male,South,Graduate,Self-Employed,1731074,366275,Other,465,14,190,76.51,6/12/2024,0
CUST0473,53,Male,North,Secondary,Salaried,1965111,729447,Business,682,9,73,85.35,9/3/2022,0
CUST0474,53,Female,South,Post-Graduate,Self-Employed,1801143,1111404,Home,675,5,255,43.88,8/21/2024,1
CUST0475,63,Male,East,Post-Graduate,Salaried,341420,1029114,Education,770,9,253,83.35,10/17/2019,0
CUST0476,57,Male,North,Post-Graduate,Salaried,860644,933096,Car,330,4,96,32.7,9/12/2024,0
CUST0477,32,Female,West,Secondary,Salaried,1699420,566835,Home,674,14,226,55.45,12/2/2022,1
CUST0478,23,Male,East,Graduate,Salaried,2225915,706761,Car,310,0,16,82.99,8/9/2018,0
CUST0479,21,Female,East,Secondary,Unemployed,797341,851625,Other,601,5,287,37.7,7/1/2018,1
CUST0480,53,Female,West,Post-Graduate,Self-Employed,1670982,1322037,Education,395,5,219,91.09,11/3/2018,1
CUST0481,60,Male,North,Secondary,Salaried,2237342,488080,Education,489,2,178,20.36,11/20/2021,0
CUST0482,30,Female,North,Secondary,Salaried,2381984,1463238,Other,752,12,147,11.55,10/10/2020,0
CUST0483,63,Female,East,Secondary,Salaried,1351838,331755,Education,491,7,239,86.85,8/14/2023,1
CUST0484,64,Female,North,Graduate,Salaried,2314563,749151,Business,785,13,170,15.84,4/27/2020,1
CUST0485,49,Female,South,Primary,Self-Employed,435521,388384,Car,565,14,10,94.31,3/14/2020,0
CUST0486,33,Female,West,Primary,Salaried,1137073,1338295,Home,723,0,245,90.87,8/3/2018,1
CUST0487,32,Female,South,Secondary,Salaried,1236787,782763,Other,427,0,197,21.65,12/14/2021,0
CUST0488,51,Male,North,Primary,Self-Employed,363981,891675,Business,537,5,13,55.69,4/11/2018,0
CUST0489,22,Male,East,Primary,Salaried,930926,316010,Home,654,9,141,25.72,7/27/2019,1
CUST0490,55,Male,West,Secondary,Self-Employed,2245588,737605,Home,411,12,227,46.39,8/25/2021,0
CUST0491,43,Female,North,Secondary,Salaried,160651,965113,Other,745,0,269,15.22,10/20/2019,1
CUST0492,37,Male,North,Post-Graduate,Unemployed,1015363,645642,Business,642,5,10,29.03,3/14/2022,0
CUST0493,46,Female,East,Primary,Salaried,587625,1149950,Home,444,0,80,40.88,7/15/2022,0
CUST0494,28,Female,East,Graduate,Salaried,1348734,164397,Home,364,13,187,47.29,8/14/2018,0
CUST0495,49,Female,South,Secondary,Salaried,1522070,298552,Business,546,12,198,93.09,4/15/2018,0
CUST0496,46,Other,West,Post-Graduate,Salaried,1626402,436721,Education,789,5,17,78.67,6/21/2023,0
CUST0497,30,Female,West,Graduate,Self-Employed,405948,473332,Home,738,2,262,72.68,2/11/2020,0
CUST0498,46,Female,East,Primary,Self-Employed,1720057,342575,Car,405,13,253,55.65,3/5/2019,0
CUST0499,54,Male,South,Post-Graduate,Salaried,1011069,79336,Business,480,13,132,81.4,3/10/2019,0
CUST0500,61,Female,West,Secondary,Salaried,1669825,877424,Home,483,14,292,38.84,5/15/2021,0
